file_id	filename
1BG6NYmBQP7AVh6ALAQqh-NphUXXZAw0y	14. 옐로우 링크.jpeg
1MpS-ENygST58N6sxcVlECE7xWgmMZmVm	2-1. 청춘스토어.jpg
1YRXfTrYeRK3OZ5qPIEwCV3PkxJNN9RkP	2-2. 청춘 스토어.jpg
1AnYyWBQBQ-RawMmQ-ndwDeVFX9iFTQJP	21. 빠순희 소품샵.png
1wCDhs3dUaBuT5qvD8ArVYAXly3GJ7fJu	22-1. 과기대는 오락오락하지 않다.png
1Iliq1DCvsnZ6jdaKVHsxB3jPsoDnLn30	22-2. 과기대는 오락오락하지 않다.jpg
1GA6T-jHHM4Zd-Wu75-cMAiDsDkO0iT-3	22-3. 과기대는 오락오락하지 않다jpg
16GTXMLzKAJ63jAVEr52ZHl-LgUZWucJ0	24-1. 🏴‍☠️ 글로벌융합대학 해적단 🏴‍☠️.jpg
1JuO0ui5uEqPoGVa6LXAEqc1638ZSNpkm	24-2. 🏴‍☠️ 글로벌융합대학 해적단 🏴‍☠️.png
1W1ktlKmYES8_Faf7DGTZYG8EVdMEZ_Bd	24-3. 🏴‍☠️ 글로벌융합대학 해적단 🏴‍☠️.jpg
1bCYV8kYRmCQ4aYVTK6hRW_XkRGWlbGAE	24-4. 🏴‍☠️ 글로벌융합대학 해적단 🏴‍☠️.png
11vwd0ubF9bZZG6ITUw7n2bg-Lyi1Bdk7	25. 꽃신을 신고.png
1Eay0zk0PhYxwx58sUfKCIx1TNt2lr5nK	26-1. 덕냥당.png
1acIDpuT1NUSsoOXoHkWuRSjyBGJ5VriO	26-2. 덕냥당.png
1PjEp2qeKGYtITk7q8B1Cjz86jSUV1nm1	26-3. 덕냥당.png
191e4Y1i0WHtZRZ_3IuhVKAX7v1rH9xZc	26-4. 덕냥당.png
1HbpGvu2eMZkhiSCCxneQticw6bssJUPj	26-5. 덕냥당.png
1x4BoqfONxrmSnDWoVfhLdJU1CdTXAhMm	27-1. 그런데 그때 갑자기 검도부가 나타났다 머리잇~!.jpg
1Ly3huIqGZDlnJF4FcmSJptNe9smVtRep	27-2. 그런데 그때 갑자기 검도부가 나타났다 머리잇~!.jpg
1ibP6Iz-8ZErPfg_L__dqq6pNYs9ATjvI	27-3. 그런데 그때 갑자기 검도부가 나타났다 머리잇~!.jpg
1R1c2Q8g7QJBD0UWbfzzKgI3QYgYJlq3D	28. 도담도담.jpeg
1WJzjRySevA9H-XLAu8VG1kPM77HEoTOx	29-1. 언더덕씨.jpg
1zI_oxdqMfqWHBdo1b8U4saKnxw2nj1EP	29-2. 언더덕씨.jpg
1j1SLxHATETXYonNNcfRz6g9mYhhtLFdo	29-3. 언더덕씨.jpg
1C9qzvboZfdKshE7F_IpEJWlfT5gxg-sK	29-4. 언더덕씨.jpg
1oua4QWhE7TeSum2gXM5-VDoehNbxtfYW	29-5. 언더덕씨.jpg
12egTkeaMmlQjCz9f4QpLAWeVNPcGQhE4	3-1. 청춘 매치: 행운을 잡아라.png
1CPj6UYanmo8oE-M23I4kX3ZgkAStWwto	3-2. 청춘매치: 행운을 잡아라.jpg
1rXs93AAzU1tB1QloKPhRWY1xdU-KMnni	30. 우리에서 만난 우리.pdf
1RRp90GJwZlRP7kxbU31-qK_rFtLpyhYo	32-1. 덕컴타자연습.png
1eap9iNcwjhNiC668MkkbMmZCaYXJVh2q	32-2. 덕컴타자연습.png
1KUuMuGs1YwPeHuza_cFuoEH_GQLUcx-m	33. 혜연이가 뜨개 그만하래 같이 살 집 뜨고 있었는데.jpeg
1eTDN1PmBktlEjBB7UX6R-sMWNqLUtwNS	34-1. 꼬물꼬물 반짝이는 모험.jpeg
1W3KgX_SIQjLxQ83I7pIGga2OX5cUjlUl	34-2. 꼬물꼬물 반짝이는 모험.jpeg
1w4lF2U2f9mxEmNF-T2okabEZPhe5mH4w	34-3. 꼬물꼬물 반짝이는 모험.jpeg
13KRB210fZUVquw0wOuoJb5xFGAIZYVKl	36-1. 비 온 뒤 땅이 굳는다.jpg
1N2Dmm2_PNTGc04OmNs1lIfCLVIupiKOv	36-2. 비 온 뒤 땅이 굳는다.jpg
1jwHRXVjIRUXLvyJsVfhXp8T6mJNjIWzu	36-3. 비 온 뒤 땅이 굳는다.jpg
1UWdXXBJZGpSm0mWadLqEKGzSv3DPI5oW	36-4. 비 온 뒤 땅이 굳는다.jpg
18a5ROpYYx9qdmkMjNW9Y-ZkO-rzac0q1	36-5. 비 온 뒤 땅이 굳는다.jpg
1-f7B14cnXe6ahITmlKy78ygBegPYmVPM	37-1. 청사과 낭만부.jpeg
1oYWzy-fZ1wZ6OybaNRL3_shuf2TSwSWj	37-2. 청사과 낭만부.jpeg
12OOEEbuDFX9chKIgA6SbZgUgJaN_rZyU	37-3.청사과 낭만부.jpeg
1RhGzPigc1nSDkyGpWdc2WqzxvFnHgRme	38-1. 행운의 명태입양소.jpg
1YsQzYitJBLPMIQM0vKNBpNBtCdV8Ph_f	38-2. 행운의 명태입양소.jpg
17wLuMzYeEOse2rbgJpm4n4p2T5vvIIFX	38-3. 행운의 명태입양소.jpg
1QkMfo7enmAVvu5fhATrT7tXQNnJwhlO_	40. 빛내미 공방.png
1gvOCaohcfErO0QDJObJVrsfe7dlH1O7H	41. 생체 도전장.jpeg
1xhjLdta4JBWPgEVyCDHJWul0vF0qurkj	42. 페이스페인팅, 참 쉽죠?.jpeg
1T8xfpQNMcQhDPsUnO-8yMupiO2NQqorW	43. 수학전공.png
12eyf0xUhS986_mG1YUZCxRNmE7-A8BGf	44-1. Beautifly 🦋.jpeg
1JRCG3TiGHY9GWMr1rU1CR7YFK6c01td-	44-2. Beautifly 🦋jpeg
1_Kk6jBAFLQfKo42849JEU4G0mh6xa8_R	44-3. Beautifly 🦋.jpeg
1avQruV6iJRZYMw4DFuEcP8vk9eA0zYYE	45-1. 콩식이네 말랑공방.jpg
1fn_otB7AdXP-e-Suqq9YbbzmUIsAstkg	45-2. 콩식이네 말랑공방.png
1vZT6WJOTac8DQHg8tKzmppevVTnK23a8	45-3. 콩식이네 말랑공방.png
1UAXQahD6WekDVuL1OirFXFoSe3MzPXHz	45-4. 콩식이네 말랑공방.png
140vT6LhUghCwZOlq5bmc5tCLG7nBclUR	46-1. 뇌랑해 ♥ : 뇌를 말랑하게.pdf
1oBDVM2Eq4Q4sFStfGFToVZgHuwJc8Kxb	46-2. 뇌랑해 ♥ : 뇌를 말랑하게.pdf
1qB0HhVKHS_HJWlj0oXsh0g7LELr5kmFI	46-3. 뇌랑해 ♥ : 뇌를 말랑하게.pdf
1IYSiO_JGiLX3Q83GOEuZEe1T7k0kPrYM	46-4. 뇌랑해 ♥ : 뇌를 말랑하게.pdf
1Xp9wC56COOwMK7VxahrE2WSx-EYMILTH	47. 응답하라 응애!.png
1NYKL45eDukY918Vytg9LmI1RpcZBaxrA	48. 덕성약국.jpeg
1utyU_YLfG2as7XLtKh4n8o-53IlAagNu	49-1. 열음.jpeg
1iXLMizgbFMDD0zTC1HqaHLYTwGW3Gmds	49-2. 열음.jpeg
1jZhOMPcDPZLDf_9D7bFOMNET0DMu5fel	50. English Carnival.webp
1TwoLt-RMoW0kUQRcFCVrWf7m5eZtRzhH	51. 여름을 그리다.jpg
1vJDSqcBxvXnbFXib4pcu8agaYxnGBhrB	52-1. 덕우야❗️잡화점💫.jpeg
1o2UOQZWq6a8jbo7E-JB4zNEUyuAZT-ZZ	52-2. 덕우야❗️잡화점💫.jpeg
1bEYtbJCkDp84wHKY2o18H9oe0wva_yq3	52-3. 덕우야❗️잡화점💫.jpeg
1Sl2bHVdu1Ggrmzbq9T2ROKrPB5PaK2Z8	52-4. 덕우야❗️잡화점💫.jpeg
1h9UdVae_56MNVQAbcNu3YRgDx9GtuCO4	53. 운명의 서점.jpeg
1OMX6K1N8Rt0NPAUVaNm6MdjSl80fQALN	54-1. 운현극락(雲峴極樂).jpeg
1up5cJMbUNFFYnG9zR3R1WZZ-4Lf_KWN3	54-2. 운현극락(雲峴極樂).jpeg
18FgLs4w6kwaeqFiqsaezpd25VUDZgeog	55-1. 운현방송국 Dream-Catcher🌙.png
1ESY9k7ExWPKquwfZ8E_OgkQYudq33pA4	55-2. 운현방송국 Dream-Catcher🌙.jpeg
1iED3oprVIOSISUxsq_lfbtiwGDApBZIN	55-3. 운현방송국 Dream-Catcher🌙.jpeg
1pHto2X0S3TZJ2VmxT7rmGYFpq3FCW56I	55-4. 운현방송국 Dream-Catcher🌙.jpeg
1bBzwuo9Rhsbas9eE554pqcn_eMMY-r8C	56-1. 자투리 과일가게.jpg
1PE1d3U3JAUStnFjT1SPKDwxsrLeZBqAN	56-2. 자투리 과일가게.jpg
1u-LXaZFlE8r-K8ZErq87KG3IR3X8mDpp	56-3. 자투리 과일가게.jpg
1_j8Lp8cBqyF_p2B23f3EvweYSmpsT7In	56-4. 자투리 과일가게.jpg
1EKRZ9nGjdhgTocD9JbMmVV7EJnXTO4RC	56-5. 자투리 과일가게.jpg
1AR7uEiJeYcRqK4Y-XgeZ5BlFX7CD1fCT	57. 아름드리.png
1EL8J_5cRQSQ3TgRDm42YC5EjCIdlM6V0	58. 덕새가 머무는 곳.png
1bcdwMxh9-sWXFlN_tW1hyQSd6E4RHTDq	59-1. isy 이시.jpg
1N-h8MMSjXmsUyvAMn6wkP7BH8LxoWy-f	59-2. isy 이시.jpg
1vkN3Xra-M0xNo3QZMVeT717dM0x-jzGd	60. 이오.jpg
1V8plbP_cbehWVjman3CQaZM_-0-kA4Qh	61. 근화마츠리.jpg
1GTqO61HGLlzOIEX9MFTbvGYEnsb9VPrs	62-1. 도봉또봄.jpeg
1hMUw5WC2zyNcZEqGDzvvnUuoJbAxR1Y7	62-2. 도봉또봄.jpeg
1yrQ3cPGauU49fe5ov-mWlSc4DnF13Gpz	64. 룡하다! 공룡타로.png
1hafINnz59xu_nzLl_zyhs_Uk6ghp1tyt	66. 35mm Archive.JPG
1RfqP_1kpy9nnN1cXZdTPmB819BTS6fiE	67-1. 한 코, 한 땀.jpeg
1YWRiwkgurs9WrHkT9VSqAhzuB7hZZAFy	67-2. 한 코, 한 땀.jpeg
1Rp8OyZiulUoCiMcntCjxcsDere6SmYed	67-3. 한 코, 한 땀.jpeg
1mCALyj6RyP4E6_HTvToxFJWPTja8NKXu	68. 팀복학생.png
1FtiGdId_BJzbJvmgXHPCaDXrBAVua4TR	69. 필소굿:필름소피굿즈팝니다..png
1A-2hKiyiCBr87ERRWcpW5o6hPJF41bDG	70-1. 한빛 현상소.jpeg
1UvB5-W3D9_S3AIjmANzS5v4405Cl-XiW	70-2. 한빛 현상소.jpeg
1Bu-YrHjkck-hxEtwmzaRehqG4m-sO2T4	71. 케미케미체인지.jpeg
1LsxwPUem085YQcoTLXjndjzzTReomIws	72. 내 손안의 미니 Lab.jpg
1XAxDyGFsMBw6xiNfJzC8kQ3vfIcoXVTw	73-1. Fork&Roll.jpeg
1yUO1P9OLUWYYnxrgmJcMeuSbgFzDHIa4	73-2. Fork&Roll.jpeg
1Q3TZ6RKs0d8kncBLX0HOG5xetIhn08bU	73-3. Fork&Roll.jpeg
1XWON5T3BZJAMWcV4schRi_92gIx12-DS	74-1. LIFE PROJECT.jpg
1a5WRHw6wv0-PD9rAh5qMRSwOq_le9d4o	74-2. LIFE PROJECT.jpg
1k_ySmHZMLKAZhiqMHcR5yz5Si1ueFYaJ	74-3. LIFE PROJECT.jpg
1cwUxEZnRhUWf13xA_aw4CJCBZ_Wegdzi	75-1. 쿠사싹.png
1yK6EHM895-QOYIgbM_wqgF8KkpAQCwGB	75-2. 쿠사싹.png
1740ii87Tp0QDYNPKTEdK46llK6iYYzv4	75-3. 쿠사싹.png
1lwLM1KHLXE9mgYQoVuWdzndV-cVscz-q	75-4. 쿠사싹.png
1yx1TI50KKyGlpl6pIlYAyNOl62Lw0p9f	76-1. 해삐즈 HAPPiZ.jpg
1cyFTQYgwH3isG01XSuNX-grPpoSK9QFh	76-2. 해삐즈 HAPPiZ.jpg
1wjakW3H4TTTKEisMq4zbwdgUm935I95n	76-3. 해삐즈 HAPPiZ.jpg
1oZ8sQ2OmRJa37hmE03pAnS8PrL4kOCJZ	76-4. 해삐즈 HAPPiZ.jpg
